Experiment,n_estimators,max_depth,learning_rate,subsample,colsample_bytree,min_child_weight,gamma
Just RDKit,1303,8,0.02210022438963579,0.6882534504868741,0.3119627796535207,7,0.09259553572198939
Just MF (R2),1369,12,0.05118246483368636,0.7855502008071772,0.6509322698340267,2,0.09051906453670286
RDKit + MF (R1),1500,9,0.01865504436860936,0.5483724943246702,0.6472939661780803,17,0.41124593938223003
RDKit + MF (R2),997,7,0.03946559374066443,0.7027278964202328,0.5967197572756853,2,0.20505754222887254
RDKit + MF (R3),1166,8,0.02619114387069398,0.9116376425578357,0.2816622933053687,3,0.08633392204662083
